{"cameraMode":{"drawMode":0,"name":"Shaded","section":"Shading Mode"},"sceneLighting":false,"audioPlay":false,"sceneViewState":{"showFog":true,"showMaterialUpdate":false,"showSkybox":true,"showFlares":true,"showImageEffects":true,"showParticleSystems":true},"in2DMode":false,"pivot":{"x":-0.4998418092727661,"y":0.027698734775185586,"z":0.6248810887336731},"rotation":{"x":-0.1549351066350937,"y":0.7515591979026794,"z":-0.19015200436115266,"w":-0.6123684644699097},"size":8.669052124023438,"orthographic":false}