{"cameraMode":{"drawMode":0,"name":"Shaded","section":"Shading Mode"},"sceneLighting":true,"audioPlay":false,"sceneViewState":{"showFog":true,"showMaterialUpdate":false,"showSkybox":true,"showFlares":true,"showImageEffects":true,"showParticleSystems":true},"in2DMode":false,"pivot":{"x":0.2141883373260498,"y":0.1925257444381714,"z":1.3113234043121338},"rotation":{"x":-0.08774475008249283,"y":0.8939958214759827,"z":-0.20067499577999116,"w":-0.39089807868003847},"size":2.2085187435150148,"orthographic":false}